{
    "loss": 1.8501678705215454,
    "accuracy": 0.7769784331321716
}