{
    "loss": 14.603242874145508,
    "accuracy": 0.5107913613319397
}